kmer,num
<unk>,0
00000,1
AAGAA,2
GAAGA,3
AGAAA,4
AGAAG,5
GAAAA,6
AAAAA,7
AAAGA,8
TGAAG,9
CAGAA,10
TGGAG,11
CTGGA,12
TGGAA,13
AGGAA,14
GAGAA,15
AGCAG,16
GAGGA,17
AGGAG,18
CAGCA,19
GGAAG,20
AGAGA,21
AAGGA,22
TGCTG,23
GGAGA,24
AAAAG,25
GGAAA,26
AGCTG,27
CAGAG,28
CCTGG,29
CAGGA,30
TGAAA,31
ATGAA,32
AAAAT,33
AAGAG,34
TGCAG,35
AGATG,36
CCCAG,37
ACAGA,38
CAGCT,39
TCCTG,40
CCAGA,41
GCTGG,42
GAAAG,43
GATGA,44
GGAGG,45
TCCAG,46
CAGCC,47
CCAGC,48
GCAGC,49
GCAGA,50
ATGGA,51
CTGAA,52
CAAGA,53
CCAGG,54
CTGCA,55
CTGCT,56
AAGAT,57
TGATG,58
GAAGG,59
AAATG,60
GCTGC,61
CTGTG,62
AGAGG,63
TCAGA,64
CTGGG,65
CAGTG,66
CAAAG,67
GTGGA,68
GAAGC,69
AAACA,70
CTCAG,71
GAAAT,72
CCTGC,73
CACAG,74
CAAAA,75
GGCTG,76
TTCAG,77
TTGGA,78
CTTCA,79
AAGCA,80
CCTCC,81
TGGGA,82
AGCCA,83
CTGCC,84
CTCCA,85
CTCTG,86
TTTTT,87
TTCTG,88
CCCTG,89
GGCAG,90
CTCCT,91
TGTGG,92
GGAGC,93
GAGAG,94
AACAG,95
CAGAT,96
TTGAA,97
TGGTG,98
GCCAG,99
AGAAT,100
CCAAG,101
AAAGG,102
GCTGA,103
AACAA,104
ACAAA,105
AATGA,106
ATTTT,107
CTTCT,108
CTGAG,109
CCTGA,110
TCTTC,111
GCCTG,112
AGACA,113
CACCA,114
AGCAA,115
TGGAT,116
TTTCT,117
TTCCT,118
ACAGC,119
TGCCA,120
ACCAG,121
AAAAC,122
TTCCA,123
ACCTG,124
TGGCT,125
TTTGA,126
CATCA,127
TCTGG,128
CTGGC,129
TCAGC,130
GATGG,131
CTTCC,132
GAACA,133
TGGCA,134
CTTTG,135
TCAAG,136
GCAGG,137
AAATT,138
AGAAC,139
TTTTG,140
CCAAA,141
GGGAA,142
CCACC,143
TTCTT,144
CCTCA,145
GAGCA,146
AAGCT,147
ACAAG,148
TTTGG,149
TGAGA,150
GGGAG,151
GTGAA,152
GAAGT,153
AGAGC,154
CAACA,155
GACAG,156
GGATG,157
CACTG,158
CAGGC,159
TGTGA,160
AAAGC,161
GAGCT,162
TTTCA,163
TGCCT,164
CAAGG,165
AGCCT,166
AAATA,167
AGTGG,168
AAGAC,169
AATGG,170
TCCTC,171
GAAAC,172
AGTGA,173
TGAGG,174
GAGGC,175
TCTGC,176
GGACA,177
GCTGT,178
TGGCC,179
TTCAA,180
TGGAC,181
TCTGA,182
CCCCA,183
ATGAT,184
AAACT,185
TCAAA,186
CATCT,187
GCCTC,188
GGTGG,189
AAGTG,190
GAATG,191
TCTCC,192
CATGG,193
TAAAA,194
CCTTC,195
AAAGT,196
TCCCA,197
AACTG,198
GGCCA,199
CTCCC,200
TGACA,201
GAGAT,202
CCTCT,203
ACTGG,204
GCAAA,205
AGGCA,206
CACCT,207
CATTT,208
TCTTT,209
TCTCT,210
CCACA,211
CTTGG,212
CAGGG,213
AGGAT,214
CAGAC,215
TTCTC,216
TGTTT,217
AATTT,218
ATGAG,219
CTTTT,220
ATTTG,221
AGGAC,222
TTTTC,223
ACAGG,224
AGGCT,225
AGCCC,226
CCATG,227
CCAGT,228
GCCCA,229
AAGCC,230
ATCAG,231
CCTGT,232
GAGCC,233
AGATT,234
AGCTC,235
TCTCA,236
AGGTG,237
ATGTG,238
AGGGA,239
TCAGG,240
TCATC,241
TGCAA,242
AACCA,243
TGAAT,244
GCAGT,245
GAACT,246
CAAAT,247
GGAAT,248
GAATT,249
TCTGT,250
CAGTT,251
ATCAA,252
GACAA,253
GCCAA,254
ATCTG,255
TCCAA,256
TTGCT,257
TTTCC,258
TACAG,259
ACCAA,260
CTCTT,261
CAAGC,262
CTGGT,263
CATGA,264
ATAAA,265
AACAT,266
ATGCT,267
TTAAA,268
ACACA,269
TGGGG,270
AGGCC,271
TCCTT,272
TGCTT,273
CCATC,274
GTGGC,275
ATCCA,276
GCTTC,277
AAGTT,278
TTCAT,279
ACTGA,280
ATTCA,281
AGTTT,282
ATGCA,283
TTTGT,284
GGAAC,285
ACAGT,286
GATTT,287
GAGAC,288
TATTT,289
CTGTT,290
AAATC,291
CTGAT,292
TTTTA,293
ATTCT,294
GCTCC,295
GGCCT,296
AACTT,297
AGCTT,298
TGCCC,299
GCAAG,300
TGAAC,301
TGTCA,302
AAGGC,303
GCTCA,304
ACTTT,305
ACTTC,306
TGTTG,307
ACTGC,308
GATGT,309
GCTCT,310
CAAGT,311
CCTTT,312
GCCCT,313
CATCC,314
GATGC,315
GACCA,316
CTCTC,317
TCAGT,318
ACCTC,319
TGGGC,320
ATTTC,321
ATGGC,322
GGGGA,323
TGTGT,324
AGACC,325
ACATG,326
GCCAC,327
TAAAG,328
CTCAA,329
CCCAA,330
ATCCT,331
CCCTC,332
ACATT,333
ATCTT,334
ATTGA,335
ATGTT,336
AATGT,337
TCACA,338
CTTTC,339
AATCA,340
GACCT,341
TCACC,342
CCTTG,343
GGAGT,344
TGCTC,345
TGAGC,346
ACCCA,347
AGCAC,348
GCTTT,349
ACATC,350
CAATG,351
TCATG,352
AATAT,353
AGACT,354
GACTG,355
TGTCT,356
CACAA,357
CATTG,358
GCCTT,359
GGCTC,360
CTGTC,361
TTTAT,362
TCCCT,363
GGCCC,364
TCATT,365
GTGTG,366
GCCCC,367
TCTTG,368
AAACC,369
TTGCA,370
TTTGC,371
AGAGT,372
AGATC,373
GAGGG,374
GCCAT,375
TTGAT,376
AGCAT,377
TTGTG,378
CCCAC,379
GGTGA,380
CTACA,381
AATAA,382
GACAT,383
ACTGT,384
TTATT,385
GTGGG,386
TTTAA,387
GGACC,388
GAGTG,389
GCACA,390
ATCAT,391
GTTTT,392
ACCAC,393
GTGCT,394
ATATT,395
ATGGG,396
ATGAC,397
CACCC,398
TCCAC,399
TGTGC,400
TGACT,401
TGACC,402
GGATT,403
AACCT,404
TGATT,405
CTGAC,406
CAGGT,407
GTGGT,408
GGACT,409
GGGCA,410
TTCCC,411
CTTGA,412
GGGCC,413
TCCAT,414
TATGA,415
CAACT,416
GACTT,417
AAGGG,418
CAAAC,419
AGTCA,420
TACAA,421
ACCAT,422
TTGTT,423
GTGAT,424
CCACT,425
AATGC,426
GTTTG,427
TAGAA,428
ACCTT,429
TCCCC,430
TTACA,431
GGGCT,432
ATGCC,433
AGTTC,434
CTCAT,435
GGCAA,436
CCCCT,437
TCACT,438
TTGGC,439
GTCAG,440
ACAAC,441
TGTTC,442
ATCTC,443
AGTGC,444
CAGTC,445
CTCAC,446
GATCA,447
AATTC,448
GTGCA,449
ACTTG,450
TTGAG,451
TGTCC,452
AGATA,453
CCAAC,454
ACTCA,455
TTGGG,456
CCATT,457
GGCTT,458
AATCT,459
ATTTA,460
TGGTT,461
AATTG,462
GTCTG,463
ATGGT,464
GAACC,465
GTGAG,466
TTCAC,467
GAGTT,468
AAGGT,469
GAGGT,470
ACTCC,471
GTGCC,472
GTCCT,473
ATTCC,474
AAGTC,475
GGGGC,476
AGTGT,477
CATGT,478
TCAAC,479
TTGCC,480
CACAT,481
GATCT,482
GTTCT,483
GGGAC,484
ATTGG,485
CACTT,486
AACAC,487
GACCC,488
TGCAC,489
AACTC,490
CATTC,491
GTTCA,492
AGTTG,493
ACTCT,494
ATTAT,495
ACCCT,496
GCACC,497
CACAC,498
AGGGC,499
GAATC,500
AATTA,501
TGATC,502
TGCAT,503
GCATC,504
GATTC,505
ACACC,506
AGTCT,507
GTTTC,508
GTGAC,509
CAACC,510
ACAAT,511
GACAC,512
ATCAC,513
TTGGT,514
TTATG,515
CATGC,516
AGGGG,517
ATATG,518
GATCC,519
CCCTT,520
ACCCC,521
CTTGC,522
GAATA,523
GTTGG,524
GGTGC,525
GCATG,526
TACCA,527
GGATC,528
GCATT,529
CCCCC,530
GTCCA,531
ACACT,532
GGGAT,533
TACTG,534
ATTAA,535
TAAAT,536
CAGTA,537
AATCC,538
AAGTA,539
GTCTC,540
TGGTC,541
ATGTC,542
GTCTT,543
GTGTT,544
GGCAC,545
GCTTG,546
TATGG,547
CTTTA,548
CTATG,549
GCAAC,550
GCACT,551
GGCAT,552
TTCTA,553
GACTC,554
AGTCC,555
CTTGT,556
CTGTA,557
TATCA,558
ATTGT,559
CCCAT,560
ATACA,561
TGAGT,562
GATTG,563
TGATA,564
ATTGC,565
TAATG,566
GTTCC,567
TATTG,568
GATAA,569
TTTAC,570
ATCCC,571
CTAAA,572
CACTC,573
GATAT,574
GGTTT,575
GTCAA,576
GTCAT,577
GGGTG,578
TACCT,579
TCTAC,580
AACCC,581
GAGTC,582
TGGGT,583
GGTGT,584
TACAT,585
TAAGA,586
TGCTA,587
AGGTT,588
GTGTC,589
GGTCA,590
CAATT,591
AGCTA,592
TTGTC,593
CTACT,594
GTTGA,595
TACTT,596
TTGAC,597
TTACT,598
ATAAT,599
TTAAT,600
GTCCC,601
TATTC,602
TGTAT,603
GCAAT,604
TGTAA,605
TGTTA,606
GTAAA,607
GTCAC,608
TCAAT,609
CCAAT,610
AGTAT,611
CTACC,612
TTAGA,613
TATGT,614
CATTA,615
AATAC,616
AACTA,617
ATAGA,618
GGTCT,619
CCGCC,620
ATGTA,621
ATTAC,622
CCCGG,623
TAGAG,624
ACTAC,625
AGGTC,626
AGTAA,627
CAGCG,628
TCCTA,629
CCGGG,630
CCTAC,631
TATCT,632
TAACA,633
GGATA,634
CCGAG,635
GGTTC,636
GCTAC,637
TCTTA,638
TATTA,639
GTACA,640
GGTCC,641
GGGGG,642
CTATT,643
GTTGC,644
CTTAT,645
CTCTA,646
AGTTA,647
TTATC,648
GATTA,649
GCGGC,650
TTAAG,651
TATAT,652
CGGAG,653
TTATA,654
GTTGT,655
GGCGG,656
AGTAC,657
ATATA,658
TGGTA,659
TATAA,660
CATAT,661
CAATA,662
TTTAG,663
TCTAT,664
TTACC,665
GTATT,666
ATAAG,667
TAATT,668
TTGTA,669
GTTTA,670
ATATC,671
ACTAT,672
TAAAC,673
TGTAC,674
CTTAA,675
AGGGT,676
GCCGC,677
CGGGA,678
ACATA,679
CGAGG,680
TAGCA,681
CTAGA,682
GGTTG,683
GGCCG,684
CGTGG,685
CGCTG,686
ATCTA,687
GCTAT,688
CCCCG,689
TCTAA,690
CGGCC,691
ATACT,692
CTGCG,693
GGGTC,694
CAATC,695
GTAGA,696
CCGGC,697
ACTTA,698
AATAG,699
GAGTA,700
CGAGA,701
AGTAG,702
TATGC,703
CCTTA,704
GTTAT,705
GGGGT,706
CTTAC,707
TCATA,708
CATAA,709
GCCGG,710
GCTAA,711
GTATG,712
GCCCG,713
ACCTA,714
TAATA,715
GCGGG,716
CGGGG,717
TGTAG,718
CCCGC,719
TACAC,720
GGGTT,721
GTTAA,722
TAGGA,723
TATCC,724
CTAAG,725
GGCTA,726
TAGAT,727
CCTAT,728
CCTAA,729
TAAGG,730
CGCAG,731
CGCCC,732
AGCCG,733
TACTC,734
CCGGA,735
GATAC,736
CGGGC,737
CGCCT,738
CCACG,739
CTCCG,740
CGGCT,741
CTAAT,742
ACTAA,743
GACTA,744
CACTA,745
CCGTG,746
CTCGG,747
AGCGG,748
CGGAA,749
TAACT,750
CCTCG,751
TAGTG,752
ATACC,753
TAGCT,754
CCATA,755
GTTAC,756
GTGTA,757
GCGCC,758
GTACT,759
ATAAC,760
GAGCG,761
TACCC,762
GCTTA,763
CGCCA,764
GTACC,765
GCCTA,766
ATTAG,767
CCCTA,768
CGGCA,769
GGGCG,770
TGCGG,771
CTTAG,772
TCTAG,773
CACGG,774
TTAAC,775
GCGGA,776
CTATC,777
GGCGC,778
CGAAG,779
CACCG,780
TACTA,781
AGGCG,782
CATAG,783
TCCCG,784
CCTAG,785
TAATC,786
GGACG,787
GTATC,788
GTAAT,789
GATAG,790
CTTCG,791
AGACG,792
CTATA,793
ACGTG,794
AGGTA,795
ATAGT,796
TAAGC,797
GCGAG,798
TGCCG,799
CATCG,800
GCCGA,801
CCCGA,802
TGGCG,803
TCCGG,804
CATAC,805
TCGAG,806
AGCGA,807
ATAGC,808
ACGAG,809
TAGCC,810
CCGCT,811
CGAGC,812
GTAGC,813
ACGGA,814
TTAGC,815
TTAGT,816
TATAC,817
GCATA,818
GTCTA,819
CCGCA,820
GGTTA,821
GGTAT,822
TATAG,823
TAAGT,824
G0000,825
GACGG,826
CGGTG,827
AGCGC,828
CGTGA,829
TAACC,830
GGTAC,831
GCTAG,832
TAGAC,833
CGGCG,834
TAGTT,835
GAACG,836
ACGGC,837
GCGTG,838
GTATA,839
GCGCT,840
GACGA,841
AAGCG,842
GTAAC,843
TTCGA,844
CCGAA,845
CGATG,846
CGCCG,847
TCGGA,848
TCGGG,849
TCGGC,850
CTAGG,851
ACTAG,852
TCGTG,853
CACGC,854
GGTAG,855
ACGGG,856
AAACG,857
TCCGC,858
CTAGC,859
CTAAC,860
TTAGG,861
CGAAA,862
TCGCC,863
CGTGC,864
GGTAA,865
ACGCC,866
TCCGA,867
GGCGA,868
TAGTA,869
TTCCG,870
AACGA,871
CGCTC,872
ACCCG,873
GCACG,874
CGACA,875
TCGAA,876
GTAAG,877
GACCG,878
ATCGA,879
CTAGT,880
TCTCG,881
CAACG,882
CGTCA,883
CGAGT,884
CGTCT,885
GTAGT,886
CTCGC,887
ACCGG,888
GCTCG,889
ACCGA,890
CGTGT,891
CACGT,892
CACGA,893
CGGAC,894
CTCGA,895
ACCGC,896
TGACG,897
CGTCC,898
ACGAA,899
CCGCG,900
GGGTA,901
GCCGT,902
ATAGG,903
GCGCA,904
ACACG,905
GACGC,906
GTTAG,907
TCACG,908
TGCGC,909
CGCGG,910
AACGG,911
ACGCT,912
TTCGG,913
CCGTC,914
CCGAC,915
TCGCT,916
GGCGT,917
GACGT,918
ATCCG,919
CGGAT,920
CGACC,921
CGACT,922
CGCTT,923
CGTTT,924
ACGAC,925
AACGT,926
TAGTC,927
GTGCG,928
AGCGT,929
CCCGT,930
GTAGG,931
ACGCA,932
TGCGA,933
ACGTC,934
CGGGT,935
TCGTC,936
GATCG,937
GCGTC,938
TCCGT,939
TTCGT,940
CTACG,941
TAGGG,942
AG000,943
TAGGC,944
GCGAC,945
ATCGT,946
AACCG,947
GCGGT,948
CTCGT,949
ACCGT,950
ACTCG,951
CGCGC,952
GTCCG,953
CGCAC,954
ACGAT,955
CGAAT,956
GTCGG,957
GCGCG,958
ACGTT,959
AGTCG,960
TTTCG,961
GCGAA,962
AACGC,963
ATCGG,964
TACGA,965
TAGGT,966
TGTCG,967
TCGAC,968
ATTCG,969
TGCGT,970
ATCGC,971
CCGGT,972
CGCAA,973
ATGCG,974
GCGAT,975
GTTCG,976
TCGCA,977
CGTTC,978
CGATT,979
CGTTG,980
ACGGT,981
CGCAT,982
TCGAT,983
TCGTT,984
CGAAC,985
AATCG,986
TTCGC,987
CGGTC,988
CCGTT,989
GTCGC,990
CCGAT,991
TCGGT,992
CGGTT,993
GGTCG,994
TACGG,995
GCGTT,996
CGATC,997
TACCG,998
TTACG,999
GTCGA,1000
TTGCG,1001
TACGT,1002
GTCGT,1003
CGACG,1004
TATCG,1005
ATACG,1006
CGCTA,1007
GTACG,1008
ACGTA,1009
CGTAT,1010
TACGC,1011
CGTCG,1012
TCGTA,1013
CCGTA,1014
CGTTA,1015
CGTAG,1016
CGCGA,1017
CGATA,1018
ACGCG,1019
CGTAC,1020
CGCGT,1021
CGTAA,1022
TAACG,1023
CGGTA,1024
TCGCG,1025
CAG00,1026
A0000,1027
GCGTA,1028
TAGCG,1029
AAG00,1030
TG000,1031
AA000,1032
T0000,1033
GAG00,1034
GG000,1035
AAAG0,1036
ACAG0,1037
C0000,1038
CCAG0,1039
TCAG0,1040
CAAG0,1041
CA000,1042
GCAG0,1043
ATG00,1044
GAAG0,1045
CG000,1046
AAA00,1047
AGAG0,1048
CTG00,1049
AT000,1050
CAA00,1051
TAG00,1052
AGG00,1053
GA000,1054
CT000,1055
TTG00,1056
TGAG0,1057
TGG00,1058
GGAG0,1059
TAAG0,1060
TA000,1061
TT000,1062
AC000,1063
GTG00,1064
AAAA0,1065
GAA00,1066
CC000,1067
AATG0,1068
TC000,1069
ACA00,1070
TAA00,1071
GGG00,1072
GC000,1073
ACG00,1074
AGA00,1075
AAT00,1076
GT000,1077
TCA00,1078
ATAG0,1079
CCA00,1080
CCG00,1081
CAGG0,1082
GATG0,1083
CATG0,1084
TCG00,1085
CGG00,1086
TGA00,1087
CAAA0,1088
ACTG0,1089
ACAA0,1090
CGAG0,1091
AAGG0,1092
TCTG0,1093
TTTG0,1094
ACT00,1095
TCAA0,1096
ATTG0,1097
TAAA0,1098
GCA00,1099
GCTG0,1100
TTAG0,1101
CCTG0,1102
CAT00,1103
CCT00,1104
TATG0,1105
TTA00,1106
CTGG0,1107
CCAA0,1108
ATGG0,1109
TTT00,1110
GAAA0,1111
GAT00,1112
GCG00,1113
AGTG0,1114
GCT00,1115
CTAG0,1116
AGAA0,1117
CAC00,1118
GAGG0,1119
CTTG0,1120
TGTG0,1121
CTA00,1122
TCT00,1123
TTGG0,1124
AAC00,1125
GCAA0,1126
ATT00,1127
ATA00,1128
TAT00,1129
CACA0,1130
AAAT0,1131
CTT00,1132
TGAA0,1133
AGGG0,1134
TGC00,1135
GGA00,1136
TGGG0,1137
CCC00,1138
AGT00,1139
CAGA0,1140
AGC00,1141
AAGA0,1142
CTCG0,1143
CACG0,1144
GTA00,1145
CTC00,1146
AACA0,1147
ATC00,1148
TTAA0,1149
TGT00,1150
GAC00,1151
GGAA0,1152
TTCA0,1153
GTGG0,1154
ATAA0,1155
CTCA0,1156
GCC00,1157
TTTA0,1158
ACC00,1159
GACG0,1160
ACCA0,1161
CACT0,1162
AGCA0,1163
CTAA0,1164
GTTG0,1165
TTGA0,1166
GTAG0,1167
CTGA0,1168
TTC00,1169
GAAT0,1170
CCCA0,1171
ACCG0,1172
TGCG0,1173
TAGG0,1174
TCCG0,1175
ATCA0,1176
TCC00,1177
AGAT0,1178
CCCG0,1179
TAC00,1180
GTT00,1181
CCGG0,1182
GGT00,1183
AACG0,1184
AAAC0,1185
ACCT0,1186
TCCA0,1187
TGTA0,1188
ACGG0,1189
TCAT0,1190
GGGG0,1191
TGCA0,1192
ATGA0,1193
CAAT0,1194
TTTT0,1195
AACT0,1196
GCCA0,1197
TGAT0,1198
TCGG0,1199
AGCT0,1200
AGCG0,1201
TTCG0,1202
GCCG0,1203
ATCG0,1204
CTTT0,1205
TACG0,1206
GCGG0,1207
GACA0,1208
TGCT0,1209
CGA00,1210
GGTG0,1211
GGC00,1212
GAGA0,1213
TTCT0,1214
TGGA0,1215
CCAT0,1216
CGTG0,1217
CAGT0,1218
GTC00,1219
TTAT0,1220
TCCT0,1221
CTGC0,1222
CCAC0,1223
CCTA0,1224
TCTA0,1225
ACAT0,1226
ATGC0,1227
AATA0,1228
TACA0,1229
ACAC0,1230
GGCA0,1231
CGC00,1232
TAAT0,1233
GTAA0,1234
TCTT0,1235
ATAT0,1236
CATT0,1237
TACT0,1238
ATCT0,1239
CTTA0,1240
CCTT0,1241
CCCT0,1242
GCCT0,1243
TAGA0,1244
GGCT0,1245
GTCA0,1246
TCAC0,1247
TCTC0,1248
AAGC0,1249
ATTT0,1250
CATA0,1251
CATC0,1252
TATT0,1253
AGAC0,1254
GTCG0,1255
GAAC0,1256
GCAT0,1257
CTCT0,1258
ACTA0,1259
GAGC0,1260
TCCC0,1261
GGCG0,1262
TGGT0,1263
GTTA0,1264
TGAC0,1265
TTCC0,1266
TGTT0,1267
AACC0,1268
AGGT0,1269
ACTT0,1270
AATT0,1271
CTGT0,1272
CACC0,1273
CGGG0,1274
GGAT0,1275
TTGT0,1276
AGGA0,1277
CCCC0,1278
ATAC0,1279
ACTC0,1280
GTGA0,1281
AATC0,1282
TGGC0,1283
GGAC0,1284
CAAC0,1285
AAGT0,1286
ATGT0,1287
CGT00,1288
GACT0,1289
GGCC0,1290
GCAC0,1291
CCTC0,1292
CTTC0,1293
TATC0,1294
CAGC0,1295
AGTT0,1296
ATTA0,1297
TATA0,1298
ACCC0,1299
GATT0,1300
ATTC0,1301
CCGC0,1302
TTAC0,1303
TGCC0,1304
GATA0,1305
CTAT0,1306
AGTA0,1307
GCCC0,1308
ACGA0,1309
AGCC0,1310
TTTC0,1311
GACC0,1312
GTTT0,1313
TTGC0,1314
ATCC0,1315
AGTC0,1316
GGGA0,1317
CGCC0,1318
TGTC0,1319
CTAC0,1320
GTGT0,1321
CGAA0,1322
TCGA0,1323
TAGT0,1324
GAGT0,1325
GATC0,1326
GCTA0,1327
CTCC0,1328
GTAT0,1329
GTCT0,1330
CGCA0,1331
GCTC0,1332
ACGT0,1333
ACGC0,1334
CCGA0,1335
CGCT0,1336
CGGA0,1337
AGGC0,1338
CGAT0,1339
TAGC0,1340
TAAC0,1341
GGTT0,1342
CGAC0,1343
CGCG0,1344
GCTT0,1345
CGTA0,1346
CGGC0,1347
GGTA0,1348
GTTC0,1349
GGGC0,1350
TACC0,1351
CGTT0,1352
GGTC0,1353
GTCC0,1354
TCGT0,1355
CGTC0,1356
CCGT0,1357
TCGC0,1358
GGGT0,1359
GTGC0,1360
GCGA0,1361
GCGC0,1362
GCGT0,1363
GTAC0,1364
CGGT0,1365
